time_unix,time_iso,x (m),y (m),mow_rpm (RPM),mow_current (A),load_ratio
1776675985,2026-04-20T11:06:25,-21.506823170797034,14.776616081568184,-4390,0.4699999988079071,0
1776675986,2026-04-20T11:06:26,-21.645597733061752,14.76937260824915,-4418,0.4300000071525574,0
1776675987,2026-04-20T11:06:27,-21.72150684066174,14.762302365127642,-4389,0.5,0
1776675988,2026-04-20T11:06:28,-21.75394822117884,14.748900429910401,-4390,0.4699999988079071,0
1776675989,2026-04-20T11:06:29,-21.771366247743213,14.721881592340347,-4395,0.3700000047683716,0
1776675990,2026-04-20T11:06:30,-21.733467267128397,14.637075123159171,-4366,0.41999998688697815,0
1776675991,2026-04-20T11:06:31,-21.411365018571914,14.609451702592997,-4348,0.41999998688697815,0
1776675992,2026-04-20T11:06:32,-21.0068303607579,14.650416121334848,-4374,0.4300000071525574,0
1776675993,2026-04-20T11:06:33,-20.59814195317426,14.66185405536562,-4151,1.2200000286102295,0
1776675994,2026-04-20T11:06:34,-20.20078864678494,14.668460976307518,-4347,0.5,0
1776675995,2026-04-20T11:06:35,-19.80147161344259,14.677836345946496,-3351,1.3200000524520874,0
1776675996,2026-04-20T11:06:36,-19.38982909292309,14.669435677177647,-2642,1.100000023841858,0
1776675997,2026-04-20T11:06:37,-18.99060451537639,14.673080150264925,-2972,1.2300000190734863,0.033
1776675998,2026-04-20T11:06:38,-18.623617575629673,14.665779211455625,-4219,0.9700000286102295,0.0495
1776675999,2026-04-20T11:06:39,-18.435631163753033,14.662247494644213,-4329,0.6000000238418579,0.023500001
1776676000,2026-04-20T11:06:40,-18.299458416088314,14.662000153925208,-4384,0.38999998569488525,0
1776676001,2026-04-20T11:06:41,-18.146792359943532,14.653513669607976,-4343,0.6299999952316284,0
1776676002,2026-04-20T11:06:42,-18.02093989865509,14.647422162243087,-4228,1.1399999856948853,0
1776676003,2026-04-20T11:06:43,-17.85367003631819,14.654601929090036,-4263,0.8100000023841858,0
1776676004,2026-04-20T11:06:44,-17.694946553051686,14.668893971241472,-4298,0.75,0
1776676005,2026-04-20T11:06:45,-17.59283841190207,14.667359663576585,-4342,0.6399999856948853,0
1776676006,2026-04-20T11:06:46,-17.537439803768866,14.635062258609231,-4230,1.0700000524520874,0
1776676007,2026-04-20T11:06:47,-17.522394635334447,14.592926305231188,-4357,0.5299999713897705,0
1776676008,2026-04-20T11:06:48,-17.54566966920208,14.552099626223647,-4270,0.8999999761581421,0
1776676009,2026-04-20T11:06:49,-17.813383868537375,14.504676346571527,-4013,1.5700000524520874,0
1776676010,2026-04-20T11:06:50,-18.212599563778483,14.561039529032207,-4356,0.5600000023841858,0.008999998
1776676011,2026-04-20T11:06:51,-18.60637217410816,14.562608257779239,-4310,0.5899999737739563,0.003
1776676012,2026-04-20T11:06:52,-19.00273999188611,14.54079027391501,-4258,1.0099999904632568,0
1776676013,2026-04-20T11:06:53,-19.3969807303604,14.53621158431536,-3935,1.559999942779541,0
1776676014,2026-04-20T11:06:54,-19.80045739260907,14.528529248036056,-3362,1.3700000047683716,0.04
1776676015,2026-04-20T11:06:55,-20.17456589695927,14.530445718873638,-4243,0.7300000190734863,0.085999995
1776676016,2026-04-20T11:06:56,-20.514739350796397,14.528085690544989,-4287,0.6600000262260437,0.020000001
1776676017,2026-04-20T11:06:57,-20.764996717193345,14.522745980635086,-4392,0.38999998569488525,0
1776676018,2026-04-20T11:06:58,-20.92345507195361,14.51373530232873,-4373,0.4699999988079071,0
1776676019,2026-04-20T11:06:59,-21.082177752667704,14.513406600708949,-4399,0.44999998807907104,0
1776676020,2026-04-20T11:07:00,-21.227186906766843,14.522484963922714,-4316,0.6700000166893005,0
1776676021,2026-04-20T11:07:01,-21.38026770103546,14.524730714580615,-4403,0.4000000059604645,0
1776676022,2026-04-20T11:07:02,-21.53177373111146,14.514326843527932,-4411,0.3799999952316284,0
1776676023,2026-04-20T11:07:03,-21.623229631334567,14.50973618370405,-4387,0.3499999940395355,0
1776676024,2026-04-20T11:07:04,-21.65952637257903,14.49940060373067,-4392,0.4000000059604645,0
1776676025,2026-04-20T11:07:05,-21.6686910924172,14.469485808011454,-4386,0.3700000047683716,0
1776676026,2026-04-20T11:07:06,-21.59952973394361,14.38334547687954,-4361,0.4699999988079071,0
1776676027,2026-04-20T11:07:07,-21.23804171053578,14.383774679456256,-4334,0.5199999809265137,0
1776676028,2026-04-20T11:07:08,-20.834450612094322,14.406495239085924,-4337,0.5400000214576721,0
1776676029,2026-04-20T11:07:09,-20.436059029723005,14.398535117553816,-3984,1.590000033378601,0
1776676030,2026-04-20T11:07:10,-20.083212574951883,14.406949647658285,-4301,0.5199999809265137,0
1776676031,2026-04-20T11:07:11,-19.678215101245446,14.405654837871019,-4240,0.8100000023841858,0.017500002
1776676032,2026-04-20T11:07:12,-19.288241332458558,14.404232586194976,-4008,1.5700000524520874,0.011000002
1776676033,2026-04-20T11:07:13,-18.879955635594907,14.40706436317237,-4301,0.47999998927116394,0.0255
1776676034,2026-04-20T11:07:14,-18.520065239100216,14.400909803707366,-4170,1.190000057220459,0
1776676035,2026-04-20T11:07:15,-18.406788611477506,14.40294244830473,-4243,0.7400000095367432,0
1776676036,2026-04-20T11:07:16,-18.40736488749148,14.405387897986369,-4276,0.5899999737739563,0
1776676037,2026-04-20T11:07:17,-18.091297136123014,14.403911278661566,-3358,1.3300000429153442,0
1776676038,2026-04-20T11:07:18,-17.915397787971255,14.411473697232458,-1939,0.8199999928474426,0
1776676039,2026-04-20T11:07:19,-17.747354480597945,14.413628837634304,-2846,1.190000057220459,0
1776676040,2026-04-20T11:07:20,-17.598358785867738,14.408722864486819,-4325,0.6000000238418579,0.011499998
1776676041,2026-04-20T11:07:21,-17.49864008759865,14.387159867129599,-4351,0.4300000071525574,0
1776676042,2026-04-20T11:07:22,-17.446657431559373,14.330440202674469,-4377,0.46000000834465027,0
1776676043,2026-04-20T11:07:23,-17.453826975556172,14.306697049036957,-4330,0.6299999952316284,0
1776676044,2026-04-20T11:07:24,-17.48713843204578,14.280416546902815,-4270,0.7699999809265137,0
1776676045,2026-04-20T11:07:25,-17.81577883349135,14.240551681504028,-3326,1.2999999523162842,0
1776676046,2026-04-20T11:07:26,-18.21964663618731,14.283300309918648,-4219,0.7799999713897705,0.031000003
1776676047,2026-04-20T11:07:27,-18.61246503630904,14.306778227937496,-4290,0.6700000166893005,0.038500004
1776676048,2026-04-20T11:07:28,-18.985967002535048,14.28700082367725,-4246,0.7599999904632568,0
1776676049,2026-04-20T11:07:29,-19.372402808062205,14.262273328330538,-3992,1.559999942779541,0
1776676050,2026-04-20T11:07:30,-19.777272800957842,14.272859378105922,-4187,0.8399999737739563,0.049500007
1776676051,2026-04-20T11:07:31,-20.161265566310668,14.270612060182936,-4166,1.059999942779541,0.074
1776676052,2026-04-20T11:07:32,-20.5145807819563,14.266522553271855,-3396,1.3799999952316284,0.040999994
1776676053,2026-04-20T11:07:33,-20.705592516138093,14.277117589461545,-4208,1.100000023841858,0.077999994
1776676054,2026-04-20T11:07:34,-20.86675727036084,14.273432847956615,-4323,0.6499999761581421,0.071
1776676055,2026-04-20T11:07:35,-21.015246144082674,14.265620457586769,-4371,0.4699999988079071,0
1776676056,2026-04-20T11:07:36,-21.172580685725077,14.259533224191063,-4384,0.4399999976158142,0
1776676057,2026-04-20T11:07:37,-21.325476691657897,14.262342664654021,-4372,0.5099999904632568,0
1776676058,2026-04-20T11:07:38,-21.455848200142377,14.269224499358147,-4356,0.5199999809265137,0
1776676059,2026-04-20T11:07:39,-21.52106154693655,14.270613008034248,-4366,0.38999998569488525,0
1776676060,2026-04-20T11:07:40,-21.568017966201893,14.238559400557403,-4356,0.47999998927116394,0
1776676061,2026-04-20T11:07:41,-21.576240573554614,14.209305891500405,-4335,0.5099999904632568,0
1776676062,2026-04-20T11:07:42,-21.517846439416548,14.143001709483677,-4292,0.6899999976158142,0
1776676063,2026-04-20T11:07:43,-21.179761113007046,14.136321887904483,-4333,0.4399999976158142,0
1776676064,2026-04-20T11:07:44,-20.780658822596113,14.167723577896822,-4072,1.350000023841858,0
1776676065,2026-04-20T11:07:45,-20.383582378528228,14.159033406356002,-4037,1.2999999523162842,0.009999998
1776676066,2026-04-20T11:07:46,-20.007675472677096,14.143418327700049,-4237,0.7900000214576721,0.073
1776676067,2026-04-20T11:07:47,-19.621623907370484,14.140343997678814,-3199,1.2599999904632568,0.0285
1776676068,2026-04-20T11:07:48,-19.221241810718574,14.141913045718002,-878,0.41999998688697815,0
1776676069,2026-04-20T11:07:49,-18.823847266199845,14.148421032638934,-1337,0.6399999856948853,0
1776676070,2026-04-20T11:07:50,-18.435660608756468,14.135725148221079,-2541,1.090000033378601,0
1776676071,2026-04-20T11:07:51,-18.237060426497578,14.134890403026725,-4291,0.6499999761581421,0
1776676072,2026-04-20T11:07:52,-18.085424140303235,14.139984713608664,-4303,0.6600000262260437,0
1776676073,2026-04-20T11:07:53,-17.94738713485855,14.152586400496697,-4243,0.8899999856948853,0
1776676074,2026-04-20T11:07:54,-17.79486289489725,14.154365692855075,-4349,0.5099999904632568,0
1776676075,2026-04-20T11:07:55,-17.63258088583483,14.145008025122824,-4388,0.4300000071525574,0
1776676076,2026-04-20T11:07:56,-17.48060617758501,14.134032853160694,-4383,0.4099999964237213,0
1776676077,2026-04-20T11:07:57,-17.397502515247204,14.11147176610181,-4370,0.41999998688697815,0
1776676078,2026-04-20T11:07:58,-17.35763196016524,14.084957818481184,-4324,0.6800000071525574,0
1776676079,2026-04-20T11:07:59,-17.35636045644413,14.04584378049063,-4228,0.8999999761581421,0
1776676080,2026-04-20T11:08:00,-17.429343783989793,13.983666644170137,-4113,1.2200000286102295,0
1776676081,2026-04-20T11:08:01,-17.822780980961557,13.987211662497115,-4134,1.1399999856948853,0
1776676082,2026-04-20T11:08:02,-18.233717862478468,14.030767380301473,-4343,0.46000000834465027,0
1776676083,2026-04-20T11:08:03,-18.625790290922527,14.034094931979876,-4255,0.7200000286102295,0
1776676084,2026-04-20T11:08:04,-19.018434609375433,14.004146946197118,-4052,1.5199999809265137,0
1776676085,2026-04-20T11:08:05,-19.420202851120887,14.033377805179105,-4016,1.5800000429153442,0.014499998
1776676086,2026-04-20T11:08:06,-19.80399995270478,14.008515815851892,-3082,1.2899999618530273,0.08349999
1776676087,2026-04-20T11:08:07,-20.195887537957038,13.99203031603375,-3602,1.4800000190734863,0.0845
1776676088,2026-04-20T11:08:08,-20.465813434465918,14.001405459929607,-4068,1.2699999809265137,0.088
1776676089,2026-04-20T11:08:09,-20.63094968853908,14.014542167012767,-4318,0.5899999737739563,0.0625
1776676090,2026-04-20T11:08:10,-20.79154972435047,14.01555617117519,-4346,0.5199999809265137,0
1776676091,2026-04-20T11:08:11,-20.941198895605897,14.006937158051505,-4386,0.3799999952316284,0
1776676092,2026-04-20T11:08:12,-21.0925991314969,14.002935568510441,-4385,0.4000000059604645,0
1776676093,2026-04-20T11:08:13,-21.243787585314724,14.006563870201344,-4378,0.4300000071525574,0
1776676094,2026-04-20T11:08:14,-21.387845601673938,14.015540253893908,-4358,0.41999998688697815,0
1776676095,2026-04-20T11:08:15,-21.495206298073327,13.99580483114323,-4363,0.41999998688697815,0
1776676096,2026-04-20T11:08:16,-21.52608236191219,13.967616276279605,-4356,0.47999998927116394,0
1776676097,2026-04-20T11:08:17,-21.52140881036352,13.929141763436778,-4207,1.059999942779541,0
1776676098,2026-04-20T11:08:18,-21.42876923946316,13.868470988886685,-4305,0.5699999928474426,0
1776676099,2026-04-20T11:08:19,-21.059603198665442,13.876244862495247,-4354,0.30000001192092896,0
1776676100,2026-04-20T11:08:20,-20.661466635501593,13.899597331191307,-4106,1.2100000381469727,0
1776676101,2026-04-20T11:08:21,-20.256351711785047,13.892081170877495,-4275,0.6499999761581421,0
1776676102,2026-04-20T11:08:22,-19.858284491702413,13.888965637807102,-4241,0.7799999713897705,0.001999998
1776676103,2026-04-20T11:08:23,-19.462054038941123,13.893811842751228,-3655,1.5,0.013499999
1776676104,2026-04-20T11:08:24,-19.106003217747933,13.880413675859971,-3413,1.3899999856948853,0.0795
1776676105,2026-04-20T11:08:25,-18.730896633874394,13.892893395556369,-3214,1.3600000143051147,0.088
1776676106,2026-04-20T11:08:26,-18.401597153509464,13.89305056638957,-4326,0.5400000214576721,0.065
1776676107,2026-04-20T11:08:27,-18.228909512025858,13.88362701694355,-4325,0.5899999737739563,0
1776676108,2026-04-20T11:08:28,-18.071844530428784,13.878846518006409,-4340,0.5299999713897705,0
1776676109,2026-04-20T11:08:29,-17.923967346679042,13.876496366026663,-4233,1.0099999904632568,0
1776676110,2026-04-20T11:08:30,-17.775158997122865,13.877610448355624,-4126,1.2400000095367432,0
1776676111,2026-04-20T11:08:31,-17.614964728584553,13.87990466996848,-4316,0.6800000071525574,0
1776676112,2026-04-20T11:08:32,-17.467424084263445,13.882402729022239,-4340,0.44999998807907104,0
1776676113,2026-04-20T11:08:33,-17.340115559716853,13.861781922805672,-4379,0.33000001311302185,0
1776676114,2026-04-20T11:08:34,-17.287197464489182,13.822627221888691,-4372,0.41999998688697815,0
1776676115,2026-04-20T11:08:35,-17.28988051533977,13.791238563632188,-4342,0.5,0
1776676116,2026-04-20T11:08:36,-17.314094764599268,13.752383464653814,-4334,0.4699999988079071,0
1776676117,2026-04-20T11:08:37,-17.627770440011897,13.708720524117997,-3755,1.5099999904632568,0
1776676118,2026-04-20T11:08:38,-18.038339569179556,13.770644102869324,-4304,0.7099999785423279,0
1776676119,2026-04-20T11:08:39,-18.394437478232085,13.765150542074542,-4256,0.6200000047683716,0
1776676120,2026-04-20T11:08:40,-18.776996447064118,13.750636231195495,-4151,0.8199999928474426,0
1776676121,2026-04-20T11:08:41,-19.18043606598153,13.771536511022738,-3969,1.4299999475479126,0.026999999
1776676122,2026-04-20T11:08:42,-19.573988797953774,13.769679626634137,-3383,1.3899999856948853,0.069
1776676123,2026-04-20T11:08:43,-19.954656762666893,13.755581830182296,-4087,1.149999976158142,0.111
1776676124,2026-04-20T11:08:44,-20.310786970997814,13.747880142094811,-4199,0.949999988079071,0.071
1776676125,2026-04-20T11:08:45,-20.50329996483823,13.7452843983646,-4324,0.5600000023841858,0.034
1776676126,2026-04-20T11:08:46,-20.674101873882005,13.738061736236636,-4305,0.7900000214576721,0
1776676127,2026-04-20T11:08:47,-20.81939048627261,13.733172840388383,-4339,0.5099999904632568,0
1776676128,2026-04-20T11:08:48,-20.97209403934853,13.728422271791983,-4374,0.4099999964237213,0
1776676129,2026-04-20T11:08:49,-21.122811446804427,13.736147767955199,-4365,0.44999998807907104,0
1776676130,2026-04-20T11:08:50,-21.276772166054354,13.74257847648698,-4323,0.6100000143051147,0
1776676131,2026-04-20T11:08:51,-21.40860962976336,13.737249754186115,-4324,0.5099999904632568,0
1776676132,2026-04-20T11:08:52,-21.46137801398781,13.710069813302967,-4313,0.6200000047683716,0
1776676133,2026-04-20T11:08:53,-21.47684838926902,13.68250209155884,-4340,0.5,0
1776676134,2026-04-20T11:08:54,-21.459814164073684,13.637996609906228,-4303,0.550000011920929,0
1776676135,2026-04-20T11:08:55,-21.244007519462762,13.57503682705104,-4335,0.36000001430511475,0
1776676136,2026-04-20T11:08:56,-20.85333069104393,13.631322520700826,-4274,0.5899999737739563,0
1776676137,2026-04-20T11:08:57,-20.453831025945977,13.625254710725336,-4179,1.0299999713897705,0
1776676138,2026-04-20T11:08:58,-20.04832437369909,13.617636645549672,-4088,1.3899999856948853,0
1776676139,2026-04-20T11:08:59,-19.653393130691757,13.63042134628786,-4030,1.5199999809265137,0.051999997
1776676140,2026-04-20T11:09:00,-19.281114246157586,13.621424341856653,-3907,1.600000023841858,0.0845
1776676141,2026-04-20T11:09:01,-18.89253541574718,13.627781291932516,-4054,1.340000033378601,0.0775
1776676142,2026-04-20T11:09:02,-18.521811345343203,13.63646488515604,-4308,0.41999998688697815,0.0485
1776676143,2026-04-20T11:09:03,-18.2116502230913,13.633816660459308,-4179,0.949999988079071,0.007499999
1776676144,2026-04-20T11:09:04,-18.052117826868322,13.621120057144884,-4308,0.5899999737739563,0
1776676145,2026-04-20T11:09:05,-17.898854292210924,13.609822328657504,-4159,1.100000023841858,0
1776676146,2026-04-20T11:09:06,-17.74964912272336,13.612672423365025,-4089,1.25,0
1776676147,2026-04-20T11:09:07,-17.58486962693516,13.622576042639272,-4364,0.4000000059604645,0.0085
1776676148,2026-04-20T11:09:08,-17.434695297069204,13.630344723295513,-4372,0.38999998569488525,0
1776676149,2026-04-20T11:09:09,-17.302093974177026,13.626351710810969,-4373,0.3799999952316284,0
1776676150,2026-04-20T11:09:10,-17.24266617460619,13.602553479733691,-4370,0.4000000059604645,0
1776676151,2026-04-20T11:09:11,-17.197226443894017,13.566333586857207,-4312,0.49000000953674316,0
1776676152,2026-04-20T11:09:12,-17.19596275860304,13.528829054187282,-4337,0.4300000071525574,0
1776676153,2026-04-20T11:09:13,-17.315389444073105,13.471338335431428,-4236,0.8500000238418579,0
1776676154,2026-04-20T11:09:14,-17.713749454411783,13.498010094710155,-4230,0.7400000095367432,0
1776676155,2026-04-20T11:09:15,-18.108829596945057,13.518783881407092,-4015,1.5399999618530273,0
1776676156,2026-04-20T11:09:16,-18.502083641286163,13.491816332982914,-4136,1.059999942779541,0
1776676157,2026-04-20T11:09:17,-18.895153274108708,13.498866395516831,-3871,1.5800000429153442,0.063499995
1776676158,2026-04-20T11:09:18,-19.287610714657053,13.504617285540222,-4271,0.6800000071525574,0.04
1776676159,2026-04-20T11:09:19,-19.684216037552513,13.505676380491744,-4140,1.1100000143051147,0.027999997
1776676160,2026-04-20T11:09:20,-20.073722168172168,13.491351758429369,-4045,1.3700000047683716,0
1776676161,2026-04-20T11:09:21,-20.40692777334277,13.479714596315738,-3645,1.4800000190734863,0.0775
1776676162,2026-04-20T11:09:22,-20.57894702892816,13.475256211340875,-3815,1.559999942779541,0.097500004
1776676163,2026-04-20T11:09:23,-20.727419188221848,13.477967726255791,-4329,0.5400000214576721,0.09
1776676164,2026-04-20T11:09:24,-20.857102892959084,13.479334061858108,-4348,0.47999998927116394,0
1776676165,2026-04-20T11:09:25,-21.012963104815285,13.474259104084197,-4354,0.4300000071525574,0
1776676166,2026-04-20T11:09:26,-21.158454227519606,13.479325088938337,-4369,0.3799999952316284,0
1776676167,2026-04-20T11:09:27,-21.30247407644091,13.49057183624642,-4334,0.5199999809265137,0
1776676168,2026-04-20T11:09:28,-21.384273880934238,13.469401422633798,-4342,0.4699999988079071,0
1776676169,2026-04-20T11:09:29,-21.43192671680615,13.43179643245043,-4243,0.8500000238418579,0
1776676170,2026-04-20T11:09:30,-21.436940809414615,13.385962653505397,-4242,0.8299999833106995,0
1776676171,2026-04-20T11:09:31,-21.331037711555155,13.322542324156146,-4198,0.699999988079071,0
1776676172,2026-04-20T11:09:32,-20.955411421901474,13.35652681696919,-4300,0.4300000071525574,0
1776676173,2026-04-20T11:09:33,-20.556472630151376,13.36767613523959,-3857,1.5700000524520874,0
1776676174,2026-04-20T11:09:34,-20.163731985028917,13.349812538958496,-3738,1.5499999523162842,0.047000006
1776676175,2026-04-20T11:09:35,-19.763086786456263,13.364873268102144,-4227,0.7200000286102295,0.096
1776676176,2026-04-20T11:09:36,-19.39090296899652,13.369200457298412,-4291,0.44999998807907104,0.043500002
1776676177,2026-04-20T11:09:37,-19.005804427300472,13.370189937777168,-4177,0.8299999833106995,0
1776676178,2026-04-20T11:09:38,-18.593393816742363,13.373781992942625,-4184,0.8199999928474426,0
1776676179,2026-04-20T11:09:39,-18.249684140475132,13.366721180725692,-4025,1.5700000524520874,0.0014999986
1776676180,2026-04-20T11:09:40,-18.042285208438866,13.362776166060295,-4207,0.8700000047683716,0.0715
1776676181,2026-04-20T11:09:41,-17.88562246734581,13.364146528800692,-4243,0.8700000047683716,0.047000006
1776676182,2026-04-20T11:09:42,-17.73622643083639,13.358453982079606,-4183,0.949999988079071,0.026000002
1776676183,2026-04-20T11:09:43,-17.57132116023345,13.354883000015363,-4228,0.8799999952316284,0
1776676184,2026-04-20T11:09:44,-17.418450980956308,13.357961152068734,-4331,0.49000000953674316,0
1776676185,2026-04-20T11:09:45,-17.27332392711174,13.361617037244951,-4362,0.38999998569488525,0
1776676186,2026-04-20T11:09:46,-17.195213407849913,13.348091711756343,-4361,0.3499999940395355,0
1776676187,2026-04-20T11:09:47,-17.1527918503211,13.318976932904738,-4352,0.41999998688697815,0
1776676188,2026-04-20T11:09:48,-17.154758678032746,13.286244342009994,-4230,0.8500000238418579,0
1776676189,2026-04-20T11:09:49,-17.220630231140284,13.211384834917682,-4240,0.6200000047683716,0
1776676190,2026-04-20T11:09:50,-17.593998545854166,13.204167906340178,-4219,0.8199999928474426,0
1776676191,2026-04-20T11:09:51,-18.001344517644252,13.250308442256653,-4072,1.4700000286102295,0.0079999985
1776676192,2026-04-20T11:09:52,-18.392114656064447,13.256945497276465,-4041,1.399999976158142,0.048000004
1776676193,2026-04-20T11:09:53,-18.773780330160793,13.249164930404666,-3934,1.4700000286102295,0.08950001
1776676194,2026-04-20T11:09:54,-19.101583070154675,13.244033760698574,-4241,0.5899999737739563,0.09050001
1776676195,2026-04-20T11:09:55,-19.488245053634284,13.237061508123984,-4273,0.6600000262260437,0.028000006
1776676196,2026-04-20T11:09:56,-19.8701025017657,13.231030834074051,-4053,1.1399999856948853,0
1776676197,2026-04-20T11:09:57,-20.256514977225592,13.226627217778491,-3944,1.5700000524520874,0.009499997
1776676198,2026-04-20T11:09:58,-20.465789676963276,13.220512206804294,-3069,1.2699999809265137,0.07399999
1776676199,2026-04-20T11:09:59,-20.633307253448045,13.217243504281557,-4180,1.1200000047683716,0.096499994
1776676200,2026-04-20T11:10:00,-20.776846224012054,13.227750914486892,-4356,0.4000000059604645,0.044
1776676201,2026-04-20T11:10:01,-20.935158211592398,13.235044403396836,-4085,1.409999966621399,0
1776676202,2026-04-20T11:10:02,-21.084365295047053,13.23509780586389,-3890,1.5499999523162842,0
1776676203,2026-04-20T11:10:03,-21.232351549209962,13.223982000149718,-4224,0.7400000095367432,0.046
1776676204,2026-04-20T11:10:04,-21.36022343322678,13.207651549379907,-4268,0.6800000071525574,0.019
1776676205,2026-04-20T11:10:05,-21.432036096860152,13.166672645147191,-4220,0.7900000214576721,0
1776676206,2026-04-20T11:10:06,-21.444343278642975,13.135489039768313,-4317,0.4000000059604645,0
1776676207,2026-04-20T11:10:07,-21.427148536126975,13.106203461390685,-4303,0.46000000834465027,0
1776676208,2026-04-20T11:10:08,-21.13166557140393,13.052373111352281,-4238,0.5899999737739563,0
1776676209,2026-04-20T11:10:09,-20.780431247326458,13.092481417006365,-4043,1.3799999952316284,0
1776676210,2026-04-20T11:10:10,-20.37039820917027,13.125985340111212,-2666,1.1399999856948853,0
1776676211,2026-04-20T11:10:11,-19.972892138604745,13.109138529548428,-3218,1.340000033378601,0.024999995
1776676212,2026-04-20T11:10:12,-19.585981035861195,13.098536222860929,-4266,0.5899999737739563,0.049499996
1776676213,2026-04-20T11:10:13,-19.197220551786394,13.09943433321341,-4003,1.3899999856948853,0.007999996
1776676214,2026-04-20T11:10:14,-18.791632051702,13.094807988578495,-3957,1.5800000429153442,0.015499994
1776676215,2026-04-20T11:10:15,-18.406907884400294,13.097765903847147,-4106,1.159999966621399,0.09099999
1776676216,2026-04-20T11:10:16,-18.15055758884906,13.099133112920367,-4264,0.6499999761581421,0.109
1776676217,2026-04-20T11:10:17,-17.993796902004352,13.099247228168045,-4312,0.5400000214576721,0.012000004
1776676218,2026-04-20T11:10:18,-17.840580581146828,13.096453180787607,-4296,0.6299999952316284,0
1776676219,2026-04-20T11:10:19,-17.683160916189774,13.093765058140644,-4341,0.44999998807907104,0
1776676220,2026-04-20T11:10:20,-17.535097260095675,13.09367084829173,-4354,0.38999998569488525,0
1776676221,2026-04-20T11:10:21,-17.363693280433512,13.0970368762537,-4340,0.5400000214576721,0
1776676222,2026-04-20T11:10:22,-17.23210433071191,13.09840629396519,-4344,0.38999998569488525,0
1776676223,2026-04-20T11:10:23,-17.140610564887048,13.070697999997718,-4317,0.5,0
1776676224,2026-04-20T11:10:24,-17.106315279230703,13.036849940266748,-4334,0.4000000059604645,0
1776676225,2026-04-20T11:10:25,-17.11261966821099,12.999385306394093,-4348,0.44999998807907104,0
1776676226,2026-04-20T11:10:26,-17.224835672834605,12.94358601451654,-4314,0.44999998807907104,0
1776676227,2026-04-20T11:10:27,-17.61930827704588,12.970853520688802,-4303,0.5099999904632568,0
1776676228,2026-04-20T11:10:28,-18.017173564839222,12.994378300481888,-4151,1.100000023841858,0
1776676229,2026-04-20T11:10:29,-18.40751391622433,12.987029367811925,-4155,0.9800000190734863,0
1776676230,2026-04-20T11:10:30,-18.805530002295782,12.983060401183451,-4091,1.2699999809265137,0
1776676231,2026-04-20T11:10:31,-19.20765019307651,12.970436194118477,-4234,0.7400000095367432,0.029499998
1776676232,2026-04-20T11:10:32,-19.60113779373288,12.966202190550488,-4304,0.5199999809265137,0
1776676233,2026-04-20T11:10:33,-19.98601837577858,12.965773543336034,-4091,1.0499999523162842,0
1776676234,2026-04-20T11:10:34,-20.338799868608103,12.969701403309212,-3661,1.440000057220459,0
1776676235,2026-04-20T11:10:35,-20.520887554358918,12.966692725448153,-1155,0.5,0.047499996
1776676236,2026-04-20T11:10:36,-20.67718692737338,12.963605673863801,-867,0.4399999976158142,0
1776676237,2026-04-20T11:10:37,-20.817211462547014,12.957553182468589,-2549,1.1100000143051147,0
1776676238,2026-04-20T11:10:38,-20.976745766551225,12.96021484090983,-4247,0.7699999809265137,0
1776676239,2026-04-20T11:10:39,-21.098754719435583,12.970854659243837,-4270,0.699999988079071,0
1776676240,2026-04-20T11:10:40,-21.262720033719855,12.977060306389406,-4244,0.7300000190734863,0
1776676241,2026-04-20T11:10:41,-21.386052784352568,12.964354158948208,-4348,0.3400000035762787,0
1776676242,2026-04-20T11:10:42,-21.44286129348282,12.926328449916308,-4342,0.36000001430511475,0
1776676243,2026-04-20T11:10:43,-21.448041446931388,12.894254273341181,-4216,1.0299999713897705,0
1776676244,2026-04-20T11:10:44,-21.412060729656936,12.849703332386404,-4105,1.0099999904632568,0
1776676245,2026-04-20T11:10:45,-21.093011099158282,12.809958283488996,-4157,0.8199999928474426,0.004499997
1776676246,2026-04-20T11:10:46,-20.706244256598364,12.85439409629166,-3929,1.5399999618530273,0
1776676247,2026-04-20T11:10:47,-20.30643796116424,12.85052088771165,-3920,1.5099999904632568,0.045500003
1776676248,2026-04-20T11:10:48,-19.926859466086647,12.838440582343397,-4169,0.9599999785423279,0.075500004
1776676249,2026-04-20T11:10:49,-19.549340645508376,12.841460500165905,-4296,0.44999998807907104,0.047000002
1776676250,2026-04-20T11:10:50,-19.17247462374559,12.825789349996938,-4203,0.7200000286102295,0
1776676251,2026-04-20T11:10:51,-18.76219512572209,12.82210725946744,-2609,1.059999942779541,0
1776676252,2026-04-20T11:10:52,-18.362168159269945,12.84278030440658,-3023,1.2799999713897705,0
1776676253,2026-04-20T11:10:53,-18.055130751468006,12.854991524669758,-4314,0.46000000834465027,0.063
1776676254,2026-04-20T11:10:54,-17.898331963639684,12.851100517718738,-4319,0.4699999988079071,0
1776676255,2026-04-20T11:10:55,-17.756232654288883,12.846942518211716,-4342,0.47999998927116394,0
1776676256,2026-04-20T11:10:56,-17.600464482009073,12.839308828883237,-4285,0.6700000166893005,0
1776676257,2026-04-20T11:10:57,-17.447129689904987,12.834411026706167,-4357,0.41999998688697815,0
1776676258,2026-04-20T11:10:58,-17.292397901993258,12.83448206155193,-4359,0.4300000071525574,0
1776676259,2026-04-20T11:10:59,-17.171249563478703,12.834105427455624,-4354,0.4000000059604645,0
1776676260,2026-04-20T11:11:00,-17.101599435117155,12.815821400834382,-4346,0.3799999952316284,0
1776676261,2026-04-20T11:11:01,-17.074656096788406,12.790806939652178,-4333,0.5099999904632568,0
1776676262,2026-04-20T11:11:02,-17.080669506829434,12.749184830456795,-4305,0.6000000238418579,0
1776676263,2026-04-20T11:11:03,-17.220100742183266,12.676653283735009,-4314,0.5400000214576721,0
1776676264,2026-04-20T11:11:04,-17.617250872989366,12.705800826453075,-4306,0.5299999713897705,0
1776676265,2026-04-20T11:11:05,-18.015301094076854,12.725938419379748,-4313,0.46000000834465027,0
1776676266,2026-04-20T11:11:06,-18.412345309461568,12.723761550835967,-4264,0.550000011920929,0
1776676267,2026-04-20T11:11:07,-18.808295640629108,12.719626340445854,-3383,1.3899999856948853,0
1776676268,2026-04-20T11:11:08,-19.20050444524652,12.717020964636943,-3045,1.2799999713897705,0.043999996
1776676269,2026-04-20T11:11:09,-19.542442120104603,12.69667438630313,-4221,0.699999988079071,0.0915
1776676270,2026-04-20T11:11:10,-19.920478753692915,12.699594642214105,-4141,1.1299999952316284,0.018999994
1776676271,2026-04-20T11:11:11,-20.301243729592674,12.71312324905774,-3376,1.399999976158142,0.023499995
1776676272,2026-04-20T11:11:12,-20.52632462955743,12.70522914904802,-4227,0.6800000071525574,0.070499994
1776676273,2026-04-20T11:11:13,-20.678908098307875,12.692604379358261,-4348,0.36000001430511475,0.02299999
1776676274,2026-04-20T11:11:14,-20.839666551463477,12.70173118751749,-4343,0.4399999976158142,0
1776676275,2026-04-20T11:11:15,-20.988733448141254,12.716882180038244,-4348,0.38999998569488525,0
1776676276,2026-04-20T11:11:16,-21.140415480785506,12.735665938335554,-4306,0.49000000953674316,0
1776676277,2026-04-20T11:11:17,-21.293138541907336,12.722316730202838,-4251,0.7300000190734863,0
1776676278,2026-04-20T11:11:18,-21.39719076857328,12.702028978009277,-4346,0.4000000059604645,0
1776676279,2026-04-20T11:11:19,-21.446728302861334,12.679011084873599,-4308,0.5899999737739563,0
1776676280,2026-04-20T11:11:20,-21.45953153523377,12.638770630500396,-4311,0.3700000047683716,0
1776676281,2026-04-20T11:11:21,-21.450059099056155,12.58898958931505,-4284,0.5,0
1776676282,2026-04-20T11:11:22,-21.2740406940713,12.47353934997726,-4073,1.2200000286102295,0
1776676283,2026-04-20T11:11:23,-20.8019024609138,12.538420243358177,-4306,0.49000000953674316,0
1776676284,2026-04-20T11:11:24,-20.43810801577477,12.593638157812881,-4234,0.6299999952316284,0
1776676285,2026-04-20T11:11:25,-20.03590985655517,12.581804502819793,-3957,1.4500000476837158,0
1776676286,2026-04-20T11:11:26,-19.624278157522184,12.577551874310158,-4106,1.1299999952316284,0.029
1776676287,2026-04-20T11:11:27,-19.237233034256494,12.583161390047131,-4170,0.800000011920929,0.033
1776676288,2026-04-20T11:11:28,-18.844974595130893,12.578081445457263,-3750,1.5299999713897705,0
1776676289,2026-04-20T11:11:29,-18.4327568359603,12.587463779326171,-4128,0.8600000143051147,0.004000002
1776676290,2026-04-20T11:11:30,-18.040922612058225,12.588474555713056,-4312,0.4300000071525574,2.9802323e-9
1776676291,2026-04-20T11:11:31,-17.84766945730206,12.583376033012437,-4349,0.3799999952316284,0
1776676292,2026-04-20T11:11:32,-17.692637485450017,12.580317737026864,-4336,0.44999998807907104,0
1776676293,2026-04-20T11:11:33,-17.535433141822132,12.572905368592343,-4341,0.44999998807907104,0
1776676294,2026-04-20T11:11:34,-17.381416602974316,12.563088768239073,-4354,0.4099999964237213,0
1776676295,2026-04-20T11:11:35,-17.23218420044869,12.563573245598954,-4344,0.4000000059604645,0
1776676296,2026-04-20T11:11:36,-17.086827707389105,12.571307395255074,-4333,0.46000000834465027,0
1776676297,2026-04-20T11:11:37,-17.00507714448732,12.546968816200456,-4359,0.38999998569488525,0
1776676298,2026-04-20T11:11:38,-16.975678604934554,12.512525687372088,-4234,0.7599999904632568,0
1776676299,2026-04-20T11:11:39,-16.977961952942,12.485974523194395,-4285,0.6299999952316284,0
1776676300,2026-04-20T11:11:40,-17.07189139086774,12.41611340884241,-4288,0.44999998807907104,0
1776676301,2026-04-20T11:11:41,-17.4547374257883,12.4422620511689,-4327,0.4099999964237213,0
1776676302,2026-04-20T11:11:42,-17.855694627083324,12.463617836344852,-4301,0.5,0
1776676303,2026-04-20T11:11:43,-18.251027847789704,12.465241342145656,-4173,0.9300000071525574,0
1776676304,2026-04-20T11:11:44,-18.651234365471442,12.455309497058828,-4180,0.8899999856948853,0
1776676305,2026-04-20T11:11:45,-19.052018471704134,12.455421332933554,-4127,0.9800000190734863,0
1776676306,2026-04-20T11:11:46,-19.439568745836834,12.46861107629634,-4194,0.8700000047683716,0.010999998
1776676307,2026-04-20T11:11:47,-19.83847169820191,12.444462950948227,-4057,1.399999976158142,0.026500002
1776676308,2026-04-20T11:11:48,-20.22524273241505,12.451573221162892,-4195,0.6100000143051147,0.0875
1776676309,2026-04-20T11:11:49,-20.49727820027016,12.4480496689939,-4204,0.8500000238418579,0.0495
1776676310,2026-04-20T11:11:50,-20.65282987277433,12.440421605440125,-4324,0.4099999964237213,0
1776676311,2026-04-20T11:11:51,-20.823793862267316,12.438169415509758,-4362,0.3499999940395355,0
1776676312,2026-04-20T11:11:52,-20.963074951169464,12.439116942406079,-4295,0.5199999809265137,0
1776676313,2026-04-20T11:11:53,-21.103756757215383,12.445943685471082,-4318,0.4699999988079071,0
1776676314,2026-04-20T11:11:54,-21.258103730791348,12.458233498062421,-4321,0.47999998927116394,0
1776676315,2026-04-20T11:11:55,-21.383389100513448,12.455184813751256,-4341,0.3499999940395355,0
1776676316,2026-04-20T11:11:56,-21.485810092330162,12.427327167239447,-4350,0.3400000035762787,0
1776676317,2026-04-20T11:11:57,-21.528730919801472,12.374752583400543,-4349,0.33000001311302185,0
1776676318,2026-04-20T11:11:58,-21.525433690464002,12.353760412531651,-4299,0.5699999928474426,0
1776676319,2026-04-20T11:11:59,-21.44706803329284,12.300624077078647,-4241,0.6700000166893005,0
1776676320,2026-04-20T11:12:00,-21.071673150858434,12.31446836581588,-4338,0.41999998688697815,0
1776676321,2026-04-20T11:12:01,-20.67182895961946,12.336109566934146,-4277,0.5299999713897705,0
1776676322,2026-04-20T11:12:02,-20.286438323345372,12.327239442077683,-4260,0.44999998807907104,0
1776676323,2026-04-20T11:12:03,-19.879766618490986,12.33015238010031,-3801,1.5700000524520874,0
1776676324,2026-04-20T11:12:04,-19.484549090060227,12.316644241045264,-4004,1.2699999809265137,0.0345
1776676325,2026-04-20T11:12:05,-19.10852859675736,12.31359370375895,-4082,0.9300000071525574,0.1085
1776676326,2026-04-20T11:12:06,-18.725254141802964,12.323040595984887,-4042,1.340000033378601,0.0535
1776676327,2026-04-20T11:12:07,-18.33661161542682,12.331820920603626,-4185,0.7900000214576721,0.055499997
1776676328,2026-04-20T11:12:08,-17.954897117698234,12.324725873802684,-4313,0.4399999976158142,0.023999998
1776676329,2026-04-20T11:12:09,-17.774032017677847,12.31555644390872,-4345,0.41999998688697815,0
1776676330,2026-04-20T11:12:10,-17.62283146977784,12.310815041829443,-4334,0.4699999988079071,0
1776676331,2026-04-20T11:12:11,-17.4708460681517,12.305586969094836,-4283,0.6000000238418579,0
1776676332,2026-04-20T11:12:12,-17.319227855129732,12.301907513955882,-4362,0.3499999940395355,0
1776676333,2026-04-20T11:12:13,-17.16593353789601,12.309307529599211,-4360,0.38999998569488525,0
1776676334,2026-04-20T11:12:14,-17.01423785465603,12.31116386458136,-4355,0.38999998569488525,0
1776676335,2026-04-20T11:12:15,-16.91621795386025,12.295168262973213,-4333,0.4300000071525574,0
1776676336,2026-04-20T11:12:16,-16.866451185257624,12.265459645264313,-4344,0.4099999964237213,0
1776676337,2026-04-20T11:12:17,-16.8641221809413,12.229906722683017,-4312,0.5199999809265137,0
1776676338,2026-04-20T11:12:18,-16.915019426587524,12.175724043158462,-4205,0.7099999785423279,0
1776676339,2026-04-20T11:12:19,-17.27844769425402,12.154224375841014,-4283,0.6499999761581421,0
1776676340,2026-04-20T11:12:20,-17.67742638414438,12.20360237982907,-4312,0.25999999046325684,0
1776676341,2026-04-20T11:12:21,-18.07561447267338,12.190770613085242,-3999,1.350000023841858,0
1776676342,2026-04-20T11:12:22,-18.479969476158207,12.203941463042744,-4121,1.059999942779541,0
1776676343,2026-04-20T11:12:23,-18.876100748417112,12.204760737299246,-4061,1.25,0.0365
1776676344,2026-04-20T11:12:24,-19.21401148407951,12.19084509501159,-3531,1.409999966621399,0.077
1776676345,2026-04-20T11:12:25,-19.587016596707358,12.179866359562263,-2479,1.0199999809265137,0.075
1776676346,2026-04-20T11:12:26,-19.975874501787164,12.18384501874602,-2104,0.9100000262260437,0.0034999996
1776676347,2026-04-20T11:12:27,-20.36041622166454,12.195698788170763,-2462,1.059999942779541,0
1776676348,2026-04-20T11:12:28,-20.624487650832716,12.200325069950228,-2085,0.9100000262260437,0
1776676349,2026-04-20T11:12:29,-20.783456571429344,12.2002542490427,-3870,1.5099999904632568,0.00049999653
1776676350,2026-04-20T11:12:30,-20.93792485605464,12.194839583995956,-4270,0.5899999737739563,0.0029999972
1776676351,2026-04-20T11:12:31,-21.091689195298848,12.187384272515635,-4294,0.5,0
1776676352,2026-04-20T11:12:32,-21.251001770105002,12.175830631917478,-4321,0.5,0
1776676353,2026-04-20T11:12:33,-21.39504158550756,12.17902240888755,-4336,0.33000001311302185,0
1776676354,2026-04-20T11:12:34,-21.508315655259857,12.185160806817034,-4340,0.36000001430511475,0
1776676355,2026-04-20T11:12:35,-21.562422300844855,12.160055125884496,-4339,0.3499999940395355,0
1776676356,2026-04-20T11:12:36,-21.5865990803153,12.101854775308423,-4328,0.3799999952316284,0
1776676357,2026-04-20T11:12:37,-21.576942397602377,12.081875943422963,-4262,0.8500000238418579,0
1776676358,2026-04-20T11:12:38,-21.369068284070327,12.019799464127924,-4179,0.800000011920929,0
1776676359,2026-04-20T11:12:39,-20.9663044141079,12.059571613383138,-4211,0.6499999761581421,0
1776676360,2026-04-20T11:12:40,-20.604678097465307,12.078935907904022,-4167,0.7099999785423279,0
1776676361,2026-04-20T11:12:41,-20.20683959312209,12.079533671647665,-4143,0.8700000047683716,0
1776676362,2026-04-20T11:12:42,-19.809918457719828,12.086760274350588,-3992,1.4299999475479126,0
1776676363,2026-04-20T11:12:43,-19.40660607383722,12.068038103336516,-4000,1.3200000524520874,0.019499993
1776676364,2026-04-20T11:12:44,-19.02382846577583,12.065371208152367,-3930,1.5399999618530273,0.11149999
1776676365,2026-04-20T11:12:45,-18.646872350462836,12.066714003884242,-4166,0.9100000262260437,0.05099999
1776676366,2026-04-20T11:12:46,-18.26166576297735,12.06075031943437,-3760,1.5399999618530273,0.045999996
1776676367,2026-04-20T11:12:47,-17.899176052960957,12.06913909043924,-4288,0.5199999809265137,0.021499997
1776676368,2026-04-20T11:12:48,-17.715958874172205,12.072439157503549,-4334,0.38999998569488525,0
1776676369,2026-04-20T11:12:49,-17.56199407012247,12.057365327471455,-4334,0.4000000059604645,0
1776676370,2026-04-20T11:12:50,-17.413028064725268,12.043048482151793,-4272,0.6000000238418579,0
1776676371,2026-04-20T11:12:51,-17.248572529529966,12.040543893187387,-4342,0.4300000071525574,0
1776676372,2026-04-20T11:12:52,-17.10250743814192,12.042838337050037,-4341,0.38999998569488525,0
1776676373,2026-04-20T11:12:53,-16.942861138691864,12.045971114517506,-4348,0.4099999964237213,0
1776676374,2026-04-20T11:12:54,-16.8409294040887,12.040689347515183,-4313,0.44999998807907104,0
1776676375,2026-04-20T11:12:55,-16.771946929427052,12.003297499168486,-4314,0.38999998569488525,0
1776676376,2026-04-20T11:12:56,-16.75302197752569,11.959821486448424,-4228,0.8899999856948853,0
1776676377,2026-04-20T11:12:57,-16.787401547253147,11.9182533091087,-4283,0.49000000953674316,0
1776676378,2026-04-20T11:12:58,-17.08084036734782,11.87969945310635,-4251,0.7099999785423279,0
1776676379,2026-04-20T11:12:59,-17.482130034936358,11.930904222684633,-4265,0.46000000834465027,0
1776676380,2026-04-20T11:13:00,-17.874798581747154,11.927642831858757,-4045,1.2000000476837158,0
1776676381,2026-04-20T11:13:01,-18.27060854907048,11.925361862527941,-3301,1.3799999952316284,0.0044999956
1776676382,2026-04-20T11:13:02,-18.662873251387428,11.928137930747328,-3896,1.5700000524520874,0.10599999
1776676383,2026-04-20T11:13:03,-19.041705423925215,11.927104990481409,-1782,0.7900000214576721,0.069
1776676384,2026-04-20T11:13:04,-19.415286140502722,11.925721362815104,-1148,0.5,0.033
1776676385,2026-04-20T11:13:05,-19.819512812137763,11.929960287081707,-1862,0.8500000238418579,0
1776676386,2026-04-20T11:13:06,-20.210600605753452,11.929690793960784,-2805,1.2000000476837158,0
1776676387,2026-04-20T11:13:07,-20.580899147810563,11.934481848175093,-2822,1.159999966621399,2.9802323e-9
1776676388,2026-04-20T11:13:08,-20.763203407497286,11.934102736136431,-3657,1.5,0.058000006
1776676389,2026-04-20T11:13:09,-20.905469872037553,11.929127836388043,-4108,1.2699999809265137,0.0635
1776676390,2026-04-20T11:13:10,-21.044861497528068,11.930143733927148,-4121,1.0700000524520874,0.074
1776676391,2026-04-20T11:13:11,-21.197178069392873,11.926225963385786,-4323,0.38999998569488525,0.009499994
1776676392,2026-04-20T11:13:12,-21.353568512908954,11.919028612423801,-4220,0.7799999713897705,0
1776676393,2026-04-20T11:13:13,-21.493818296914277,11.91345235147508,-4318,0.46000000834465027,0
1776676394,2026-04-20T11:13:14,-21.588927029847113,11.895751217619127,-4339,0.4000000059604645,0
1776676395,2026-04-20T11:13:15,-21.63899760203476,11.850596819540861,-4315,0.5600000023841858,0
1776676396,2026-04-20T11:13:16,-21.642949132557483,11.811602059093477,-4239,0.5199999809265137,0
1776676397,2026-04-20T11:13:17,-21.624363856456213,11.79641755380646,-3921,1.590000033378601,0
1776676398,2026-04-20T11:13:18,-21.461044059176405,11.685927115656176,-3811,1.5700000524520874,0.033500005
1776676399,2026-04-20T11:13:19,-21.149716098573634,11.59645702185202,-3336,1.3899999856948853,0.13800001
1776676400,2026-04-20T11:13:20,-20.751984217103434,11.689956025669694,-4033,1.3200000524520874,0.120000005
1776676401,2026-04-20T11:13:21,-20.30631078562485,11.830214448994841,-4212,0.7200000286102295,0.087500006
1776676402,2026-04-20T11:13:22,-19.88481313805895,11.86067637041831,-4228,0.6399999856948853,0.010000005
1776676403,2026-04-20T11:13:23,-19.50558002752524,11.802036690322357,-3353,1.3700000047683716,0
1776676404,2026-04-20T11:13:24,-19.104349515286476,11.78558794450367,-3338,1.3200000524520874,0.034499995
1776676405,2026-04-20T11:13:25,-18.712228675297002,11.781751062312777,-2092,0.9200000166893005,0.072
1776676406,2026-04-20T11:13:26,-18.320468757786657,11.789372090297151,-4085,0.9700000286102295,0.0445
1776676407,2026-04-20T11:13:27,-17.917554034057765,11.80279216771389,-4178,0.8600000143051147,0.015000001
1776676408,2026-04-20T11:13:28,-17.6546568656559,11.800165524687086,-4311,0.4699999988079071,0
1776676409,2026-04-20T11:13:29,-17.506208637753833,11.793404632601687,-4084,1.159999966621399,0
1776676410,2026-04-20T11:13:30,-17.350372636185668,11.793544279556116,-4317,0.44999998807907104,0
1776676411,2026-04-20T11:13:31,-17.19276487199022,11.79624819943268,-4291,0.5400000214576721,0
1776676412,2026-04-20T11:13:32,-17.04470567076857,11.797668470463547,-4335,0.41999998688697815,0
1776676413,2026-04-20T11:13:33,-16.884375684865514,11.798194415070606,-4325,0.4699999988079071,0
1776676414,2026-04-20T11:13:34,-16.772183809984206,11.792661103073321,-4339,0.3499999940395355,0
1776676415,2026-04-20T11:13:35,-16.704046628374805,11.766519163270335,-4327,0.4099999964237213,0
1776676416,2026-04-20T11:13:36,-16.67730203455719,11.720101422078653,-4290,0.5199999809265137,0
1776676417,2026-04-20T11:13:37,-16.6800531067858,11.683879688645233,-4256,0.49000000953674316,0
1776676418,2026-04-20T11:13:38,-16.821531254867597,11.613723282751264,-4157,0.9399999976158142,0
1776676419,2026-04-20T11:13:39,-17.238468400800016,11.661919924426439,-4241,0.6700000166893005,0
1776676420,2026-04-20T11:13:40,-17.6369262825579,11.67852624636272,-4252,0.5400000214576721,0
1776676421,2026-04-20T11:13:41,-18.022302868394956,11.681976449799818,-4259,0.5199999809265137,0
1776676422,2026-04-20T11:13:42,-18.442071908085488,11.67676885854503,-4268,0.5,0
1776676423,2026-04-20T11:13:43,-18.84120354228983,11.676099480724082,-4226,0.5699999928474426,0
1776676424,2026-04-20T11:13:44,-19.229948897571067,11.678968819216129,-3790,1.5299999713897705,0
1776676425,2026-04-20T11:13:45,-19.64101115451057,11.669144017373306,-3859,1.5299999713897705,0.01
1776676426,2026-04-20T11:13:46,-20.038037780801197,11.659045141319591,-4293,0.3499999940395355,0.0325
1776676427,2026-04-20T11:13:47,-20.434725164573884,11.658701395673473,-4265,0.5799999833106995,0
1776676428,2026-04-20T11:13:48,-20.761543576447895,11.676351708928125,-4301,0.46000000834465027,0
1776676429,2026-04-20T11:13:49,-20.908988473983964,11.677351982869656,-4173,0.8600000143051147,0
1776676430,2026-04-20T11:13:50,-21.046306871927552,11.673794791133483,-4220,0.6399999856948853,0
1776676431,2026-04-20T11:13:51,-21.21252842187741,11.6657784345612,-4174,0.8700000047683716,0
1776676432,2026-04-20T11:13:52,-21.366118821978667,11.658004853756164,-4065,1.2599999904632568,0
1776676433,2026-04-20T11:13:53,-21.50425358797339,11.654979596983079,-4298,0.5099999904632568,0
1776676434,2026-04-20T11:13:54,-21.63938475805883,11.648225593212363,-4339,0.3499999940395355,0
1776676435,2026-04-20T11:13:55,-21.715347799703355,11.612053624355632,-4338,0.3400000035762787,0
1776676436,2026-04-20T11:13:56,-21.745243366041525,11.575659196824159,-4304,0.4099999964237213,0
1776676437,2026-04-20T11:13:57,-21.740442721628344,11.557196033125914,-4288,0.44999998807907104,0
1776676438,2026-04-20T11:13:58,-21.568903768546498,11.482931353741279,-4219,0.7200000286102295,0
1776676439,2026-04-20T11:13:59,-21.151048484878885,11.513158636553552,-4036,1.090000033378601,0
1776676440,2026-04-20T11:14:00,-20.76491423329331,11.574110169943204,-4195,0.7699999809265137,0
1776676441,2026-04-20T11:14:01,-20.357213533065064,11.570691476767257,-4290,0.4099999964237213,0
1776676442,2026-04-20T11:14:02,-19.94141833040387,11.54902722913735,-4261,0.5899999737739563,0
1776676443,2026-04-20T11:14:03,-19.545224690425947,11.523863907677773,-4107,0.9399999976158142,0
1776676444,2026-04-20T11:14:04,-19.16072504486945,11.519566211879335,-4067,1.159999966621399,0
1776676445,2026-04-20T11:14:05,-18.74642980613754,11.542650992649463,-4127,1.0199999809265137,0.009000001
1776676446,2026-04-20T11:14:06,-18.389158408835236,11.543033813349455,-4273,0.36000001430511475,0
1776676447,2026-04-20T11:14:07,-17.979305843802514,11.53511659637965,-4080,1.0700000524520874,0
1776676448,2026-04-20T11:14:08,-17.632285849523996,11.535756062373572,-4268,0.5899999737739563,0
1776676449,2026-04-20T11:14:09,-17.467072655752787,11.54474306483277,-4261,0.5799999833106995,0.0085
1776676450,2026-04-20T11:14:10,-17.30611869651014,11.547212408808429,-4311,0.49000000953674316,0
1776676451,2026-04-20T11:14:11,-17.152646419563457,11.539663147673695,-4088,1.25,0
1776676452,2026-04-20T11:14:12,-16.999799151122655,11.533349245796883,-4254,0.75,0
1776676453,2026-04-20T11:14:13,-16.840395354802887,11.534493753627798,-4347,0.3799999952316284,0
1776676454,2026-04-20T11:14:14,-16.70769394410892,11.54053052037678,-4327,0.4000000059604645,0
1776676455,2026-04-20T11:14:15,-16.59991682479115,11.517345878585274,-4287,0.3799999952316284,0
1776676456,2026-04-20T11:14:16,-16.54381045172854,11.45731978134079,-4254,0.6499999761581421,0
1776676457,2026-04-20T11:14:17,-16.550549657610137,11.425988203721454,-4278,0.5400000214576721,0
1776676458,2026-04-20T11:14:18,-16.58097221378333,11.398716531184036,-4200,0.6899999976158142,0
1776676459,2026-04-20T11:14:19,-16.885619480616352,11.372706915163167,-4164,0.8999999761581421,0
1776676460,2026-04-20T11:14:20,-17.304024468977875,11.436729770754653,-4280,0.41999998688697815,0
1776676461,2026-04-20T11:14:21,-17.684962380994524,11.428936729779661,-4234,0.5899999737739563,0
1776676462,2026-04-20T11:14:22,-18.092846504442495,11.43013524907411,-4105,1.0299999713897705,0
1776676463,2026-04-20T11:14:23,-18.497707127210596,11.412545069447159,-4198,0.75,0
1776676464,2026-04-20T11:14:24,-18.89237490082264,11.396911373986917,-3786,1.5299999713897705,0
1776676465,2026-04-20T11:14:25,-19.290705904052047,11.409598679613795,-3578,1.5,0.028
1776676466,2026-04-20T11:14:26,-19.67302456640877,11.407384998264726,-4242,0.47999998927116394,0.055499997
1776676467,2026-04-20T11:14:27,-20.067824783669742,11.403416134625033,-4267,0.3700000047683716,0
1776676468,2026-04-20T11:14:28,-20.472687063013385,11.40459520858198,-4227,0.7300000190734863,0
1776676469,2026-04-20T11:14:29,-20.841137561187207,11.391238327550766,-4159,0.9599999785423279,0
1776676470,2026-04-20T11:14:30,-21.015955451369766,11.391828134822928,-3140,1.2799999713897705,0.010999995
1776676471,2026-04-20T11:14:31,-21.157496651842294,11.399906890790922,-2691,1.1200000047683716,0.055999998
1776676472,2026-04-20T11:14:32,-21.30492331054544,11.409683088506824,-3250,1.3600000143051147,0.0565
1776676473,2026-04-20T11:14:33,-21.459594418657524,11.414095127463057,-4175,0.8100000023841858,0.037
1776676474,2026-04-20T11:14:34,-21.595739036050073,11.407470059865345,-4252,0.5400000214576721,0.014500001
1776676475,2026-04-20T11:14:35,-21.75192013458416,11.405502965269683,-4316,0.41999998688697815,0
1776676476,2026-04-20T11:14:36,-21.86284883892539,11.387081128206045,-4311,0.44999998807907104,0
1776676477,2026-04-20T11:14:37,-21.93744205537355,11.329614382915961,-4224,0.5799999833106995,0
1776676478,2026-04-20T11:14:38,-21.95702816381265,11.300192479818461,-4264,0.5799999833106995,0
1776676479,2026-04-20T11:14:39,-21.95517750516572,11.29130191974149,-4253,0.6399999856948853,0
1776676480,2026-04-20T11:14:40,-21.703103991745362,11.250729849842399,-4260,0.5400000214576721,0
1776676481,2026-04-20T11:14:41,-21.318560416931124,11.303677243489053,-4111,1.2599999904632568,0
1776676482,2026-04-20T11:14:42,-20.915292067857436,11.309389896225275,-4122,0.800000011920929,0.011000002
1776676483,2026-04-20T11:14:43,-20.512239675556064,11.289204016629661,-4113,1.0700000524520874,0.0475
1776676484,2026-04-20T11:14:44,-20.113119469564918,11.271405717387026,-4259,0.5199999809265137,0.012500003
1776676485,2026-04-20T11:14:45,-19.716068995686683,11.275058918946469,-4183,0.8199999928474426,0
1776676486,2026-04-20T11:14:46,-19.32565569782285,11.277836261073551,-3511,1.440000057220459,0
1776676487,2026-04-20T11:14:47,-18.9247705108597,11.277881009491763,-2936,1.2400000095367432,0.030500006
1776676488,2026-04-20T11:14:48,-18.542951212271667,11.270808121695106,-4159,0.8299999833106995,0.10300001
1776676489,2026-04-20T11:14:49,-18.178907306565716,11.274728116750216,-3890,1.4800000190734863,0.049000002
1776676490,2026-04-20T11:14:50,-17.812109675881164,11.285632116742267,-4231,0.5899999737739563,0.039
1776676491,2026-04-20T11:14:51,-17.44537255745179,11.295121990845626,-4254,0.6800000071525574,0
1776676492,2026-04-20T11:14:52,-17.266949979570693,11.293465411346086,-4244,0.7200000286102295,0
1776676493,2026-04-20T11:14:53,-17.116669382954903,11.289380429488777,-4175,0.949999988079071,0
1776676494,2026-04-20T11:14:54,-16.96164784347759,11.281713400451336,-4323,0.4000000059604645,0
1776676495,2026-04-20T11:14:55,-16.812611062259577,11.27532331918233,-4324,0.41999998688697815,0
1776676496,2026-04-20T11:14:56,-16.66235747502937,11.271075476005297,-4297,0.49000000953674316,0
1776676497,2026-04-20T11:14:57,-16.521395187202444,11.274993035088524,-4255,0.6600000262260437,0
1776676498,2026-04-20T11:14:58,-16.4226179566154,11.268379526812689,-4196,0.6100000143051147,0
1776676499,2026-04-20T11:14:59,-16.329945392976974,11.207089524670662,-4303,0.4300000071525574,0
1776676500,2026-04-20T11:15:00,-16.338082250763872,11.176860659097922,-4105,1.159999966621399,0
1776676501,2026-04-20T11:15:01,-16.396993044316943,11.143862988396572,-4204,0.8100000023841858,0
1776676502,2026-04-20T11:15:02,-16.745847138126447,11.141295993668727,-4271,0.4300000071525574,0
1776676503,2026-04-20T11:15:03,-17.150205048620947,11.175986678114421,-4217,0.6499999761581421,0
1776676504,2026-04-20T11:15:04,-17.544476094154287,11.179982480230505,-4240,0.5799999833106995,0
1776676505,2026-04-20T11:15:05,-17.909559793297984,11.167989632038681,-3898,1.600000023841858,0
1776676506,2026-04-20T11:15:06,-18.307859355831823,11.159584944219434,-4018,1.3200000524520874,0
1776676507,2026-04-20T11:15:07,-18.706151817091545,11.152919521222662,-4234,0.699999988079071,0.058000006
1776676508,2026-04-20T11:15:08,-19.083595761322975,11.143081040835332,-3896,1.559999942779541,0.031500004
1776676509,2026-04-20T11:15:09,-19.462152071772927,11.152423233974156,-4071,0.8799999952316284,0.034500003
1776676510,2026-04-20T11:15:10,-19.851865373039566,11.154850864948243,-4240,0.44999998807907104,0.029500002
1776676511,2026-04-20T11:15:11,-20.26018034208228,11.14976317799209,-4275,0.4000000059604645,0
1776676512,2026-04-20T11:15:12,-20.657245884833202,11.128263866025664,-3997,1.409999966621399,0
1776676513,2026-04-20T11:15:13,-21.035802432777317,11.134638453602344,-4129,0.9300000071525574,0.023999996
1776676514,2026-04-20T11:15:14,-21.225317464727432,11.137640252116512,-4236,0.6800000071525574,0.036
1776676515,2026-04-20T11:15:15,-21.38087908024378,11.1451573738644,-4282,0.5400000214576721,0
1776676516,2026-04-20T11:15:16,-21.540801732840173,11.15237302360564,-4135,1.0700000524520874,0
1776676517,2026-04-20T11:15:17,-21.68878068597068,11.144642299060257,-4226,0.6899999976158142,0
1776676518,2026-04-20T11:15:18,-21.841305349233416,11.145029318810783,-4334,0.3499999940395355,0
1776676519,2026-04-20T11:15:19,-21.991541231283325,11.147272111475532,-4311,0.4300000071525574,0
1776676520,2026-04-20T11:15:20,-22.105620715165596,11.127526580368128,-4287,0.5299999713897705,0
1776676521,2026-04-20T11:15:21,-22.17564715524087,11.085734400673301,-4307,0.3499999940395355,0
1776676522,2026-04-20T11:15:22,-22.196663635761173,11.057305946712557,-4228,0.7300000190734863,0
1776676523,2026-04-20T11:15:23,-22.191853650038293,11.044375034444895,-4253,0.5799999833106995,0
1776676524,2026-04-20T11:15:24,-22.086074669608024,10.950248126567592,-4212,0.5699999928474426,0
1776676525,2026-04-20T11:15:25,-21.91511246477599,10.827929248219997,-4170,1.0700000524520874,0
1776676526,2026-04-20T11:15:26,-21.579716794366053,10.819792715000467,-4126,0.9800000190734863,0
1776676527,2026-04-20T11:15:27,-21.10694794105106,11.002449213702274,-4108,1.1699999570846558,0.03949999
1776676528,2026-04-20T11:15:28,-20.72956668533075,11.085710573706463,-4172,0.6899999976158142,0
1776676529,2026-04-20T11:15:29,-20.26486224641379,11.07027262384297,-4245,0.5299999713897705,0
1776676530,2026-04-20T11:15:30,-19.77391270879746,11.012586460991098,-4192,0.7099999785423279,0
1776676531,2026-04-20T11:15:31,-19.2768999667943,11.005768658031347,-3696,1.5099999904632568,0
1776676532,2026-04-20T11:15:32,-18.81716779401519,11.021550728894283,-4094,0.7799999713897705,0.025500003
1776676533,2026-04-20T11:15:33,-18.40872558902009,11.020521297035446,-2841,1.2100000381469727,0.056500003
1776676534,2026-04-20T11:15:34,-18.017071683966485,11.012910425842907,-3165,1.350000023841858,0.041500006
1776676535,2026-04-20T11:15:35,-17.65966407109384,11.010036112956053,-4228,0.6000000238418579,0.06250001
1776676536,2026-04-20T11:15:36,-17.292277409314103,11.01668014044243,-4054,1.3799999952316284,0
1776676537,2026-04-20T11:15:37,-17.115650001599846,11.024150232792751,-4288,0.4699999988079071,0
1776676538,2026-04-20T11:15:38,-16.95543475975845,11.02637843623089,-4280,0.550000011920929,0
1776676539,2026-04-20T11:15:39,-16.80602451315766,11.027600942013164,-4221,0.7900000214576721,0
1776676540,2026-04-20T11:15:40,-16.657740371804056,11.025314568253162,-4297,0.49000000953674316,0
1776676541,2026-04-20T11:15:41,-16.498231262945197,11.02229666497306,-4296,0.47999998927116394,0
1776676542,2026-04-20T11:15:42,-16.348725679765657,11.018856582666348,-4324,0.4000000059604645,0
1776676543,2026-04-20T11:15:43,-16.224798125691215,10.994373049245436,-4304,0.4000000059604645,0
